{"text": " probando audio karaoke hablando claro probando audio primera parte de la canci\u00f3n cantando en el audio segunda parte de la canci\u00f3n cantando en el audio tercera parte de la canci\u00f3n cantando en el audio primera palabra segunda palabra etc\u00e9tera", "segments": [{"id": 0, "seek": 0, "start": 0.0, "end": 8.36, "text": " probando audio karaoke hablando claro probando audio primera parte de la", "tokens": [50364, 1239, 1806, 6278, 41629, 29369, 16742, 1239, 1806, 6278, 17382, 6975, 368, 635, 50782], "temperature": 0.0, "avg_logprob": -0.19117363861628942, "compression_ratio": 2.238532110091743, "no_speech_prob": 0.3729987144470215}, {"id": 1, "seek": 0, "start": 8.36, "end": 15.24, "text": " canci\u00f3n cantando en el audio segunda parte de la canci\u00f3n cantando en el", "tokens": [50782, 41897, 11223, 1806, 465, 806, 6278, 21978, 6975, 368, 635, 41897, 11223, 1806, 465, 806, 51126], "temperature": 0.0, "avg_logprob": -0.19117363861628942, "compression_ratio": 2.238532110091743, "no_speech_prob": 0.3729987144470215}, {"id": 2, "seek": 0, "start": 15.24, "end": 21.54, "text": " audio tercera parte de la canci\u00f3n cantando en el audio primera palabra", "tokens": [51126, 6278, 1796, 41034, 6975, 368, 635, 41897, 11223, 1806, 465, 806, 6278, 17382, 31702, 51441], "temperature": 0.0, "avg_logprob": -0.19117363861628942, "compression_ratio": 2.238532110091743, "no_speech_prob": 0.3729987144470215}, {"id": 3, "seek": 0, "start": 21.54, "end": 25.32, "text": " segunda palabra etc\u00e9tera", "tokens": [51441, 21978, 31702, 5183, 526, 23833, 51630], "temperature": 0.0, "avg_logprob": -0.19117363861628942, "compression_ratio": 2.238532110091743, "no_speech_prob": 0.3729987144470215}], "language": "Spanish"}